처음 보는 총 2자루로 8킬이상 치킨 시 100억 (1/5코) [실패시 서새봄님 고양이 분장 후 펑티모 고양이 노래],1
잼민이와 치킨 시 5억 (무한코),1
잼민이 살아있는 채로 치킨시 5억 + 2억,1
잼민이 살아있는 채로 치킨시 5억,1
치킨시 3억 + 3억 + 5억 + 3억 + 2억,1
치킨시 3억 + 3억 + 5억,1
치킨시 3억,1
치킨 시 5억 (2/3코),1
포친키에서 5킬 시 1억,1
치킨 시 1억 + 5억 (10킬 이상 시 +5억),1
10킬 치킨 시 10억 (2/2코) [실패 시 엉덩이로 영어 필기체로 이름 쓰기],1
부트캠프 5킬 시 1억,1
탑5 5탄 총 킬당 5천만원 (5/5코),1
치킨 시 10억 (1/2코),1
치킨 시 10억 (3/3코) [실패 시 엉덩이로 이름 쓰기],1
치킨 시 2억 (2/3코),1
치킨 10킬 15억 (1/3코) [실패시 영어 필기체 엉덩이로 이름쓰기],1
치킨 시 킬당 1억 (3/3코),1
7탄 킬당 7천원 (3/7코),1
치킨 시 1억5천만원 (2/5코) +1억 (2/5코) +2억(1/3코),1
8킬 이상 시 1억,1
탑텐 시 킬당 천만원 (2/2코),1
다음판 탑7 7탄 킬당 7천원 (7코인),1
탑5 시 2억,1
탑 10 안에 들면 킬당 천원,1
치킨 시 킬당 천만원,1
치킨 시 총 38억 선입금 받음,1
치킨 시 10억 (무한코인) +10억 (무한코인),1
탑50 3억,1
치킨 시 10억 (무한코인) +10억 (무한코인) +10억 (2/3코) +30억 +10억,1
후라이팬으로 10이상하면 10만원,1
차위에 보급 올리고 1등하면 만원,1
5탄 1발마다 10원,1
10킬 이상 탑10 7억,1
탑10 10억,1
킬 당 2천만원,1
1등 10억(무한),1
꼴등 10억,1
정우영으로 1골 넣으면 만원 쏨,1
숨쉬면 만원,1
형 내일 버스타면 만원,1
그럼 메시로 메시 태클 걸어서 발 부수면 2만원,1
우리 메시로 상대 메시 다리 부러뜨리면 2만원,1
레드받고 다리뿌러트리면 2만원,1
300딜 만원,1
지금판 1등하면 만원 콜,1
킬당 만원 미션,1
이이작 미션 승리시 천만원 도네,1
지금 크락션 울리면 천원 줌,1
솔쿼드 15킬 치킨시 222만원,1
민수형 뒤로달려서 1대1이기면 10만원,1
킬당 1천만원,1
치킨 시 5억 (무한코인) + 3억 + 40억,1
치킨 시 50억(찐막코),1
치킨 시 50억(찐막코) +10억(찐막코) +5억,1
킬당 천만원,1
치킨 시 2억,1
치킨 시 킬당2000만원,1
카구팔 킬당 2천만원,1
부캠 졸업 시 부캠킬당 2천만원,1
대기실에서 허공에 주먹질 안하면 5천만원,1
치킨 시 15억(사녹1/3 실패시 발박수100회),1
sr 킬당 1억,1
치킨 시 3억 + 2억 + 5천만원,1
치킨 시 드링크 1개당 2천만원,1
치킨 시 진통제 1개당 2천만원,1
치킨 시 드링크 + 진통제 1개당 2천만원,1
치킨 시 sr 킬당 1억,1
치킨시 1억 10킬 이상 시 5억,1
치킨 시 DMR 킬당 1억,1
치킨 시 보급총 킬당 1억,1
치킨 시 5억 (무한코),1
"치킨 시 수류탄,화염병,연막탄 각 1천만원",1
치킨 시 엎드리거나 앉아서 킬당 5천만원,1
치킨 시 진통제/드링크/연막탄/수류탄/화염병 각 1천만원,1
탑 10시 5탄 한발당 백만원,1
탑 10시 1억,1
사녹 치킨 시 5억 (2/3코),1
장착 제외 총기파츠 하나 당 3천만원,1
듀오 첫판 치킨 시 각방 5억,1
치킨 시 10억 (3시까지),1
치킨 시 10억 (한명만 살면 20억),1
둘 다 살아서 치킨 시 각방 10억,1
30킬 치킨 시 각방 30억,1
치킨 시 (킬 홀수- 킬당 1억 / 짝수 - 킬당 천만원),1
치킨 시 킬당 홀수 킬-천만원 / 짝수 킬-1억,1
탑텐 시 킬당 천만원 (2/2코),1
치킨 시 킬당 천만원,1
치킨 시 3억,1
다음판 탑7 7탄 킬당 7천원 (7코인),1
탑5 시 2억,1
탑7 7탄 킬당 7천원,1
치킨 시 1억5천만원 (1/5코),1
치킨 시 10억 (1/3코) (실패 시 엉덩이로 이름 쓰기),1
탑5 5탄 킬당 5천만원,1
치킨 15킬 15억 (실패시 영어 필기체 엉덩이로 이름쓰기),1
10킬이상 치킨시 5억,1
탑5 5탄 킬당 5천만원 치킨시 2억 추가,1
부트캠프 킬당 5천만원,1
13킬 치킨 시 13억,1
뭐야' '뭐지' '아니' 안하고 치킨 시 4억,1
치킨 먹으면 치킨 보내드릴게요,1
치킨시 치킨,1
오분만이라도 살아있으면 오억,1
사녹 올클하면 천원 드림,1
우선 킬당 천원할게요,1
킬좀 해봐라 만원줄게,1
탑5 안에 들면 만원 도네함,1
킬당마넌,1
티 안나게 팀킬하면 십만원ㅎㅎㅎ,1
은근슬젖 팀길하면 만원도네,1
20위 안에 드는 순간부터 킬당 천원,1
이판 이길시 1억,1
치킨 시 전재산 드림,1
하마님 고기방패 하시죠 2만원 드림,1
로드킬 5번하면 만원,1
지금 후라이팬 들고 직진하고 살아남으면 1억도네한다 레알루,1
킬당 1000원,1
이제부터 한번도 안맞으면 100억,1
남은 사람 다 죽이면 백만원~~,1
레드존 끝까지 버티면 10만원. 건물안에 있으면 안됨,1
탑3 안에 들면 만원,1
만원 줄테니까 킬좀..,1
승리시 5만원,1
솔쿼드 치킨먹으면 인정 10억 콜,1
킬당 오백만원,1
후라이팬으로 10킬시 10억,1
원샷킬 100만원,1
앞으로 5킬 이상 만원,1
듀오로 치킨시 천만원,1
헤드샷 천원,1
낙사하면 오만원. 그냥 죽으면 키보드 샷건 ㄱㄱ,1
이번판 1등하면 만원!!!!!!!!!,1
스쿼드 전원 생존시 10억,1
오토바이 공중제비 성공시 백만원,1
1킬 1마넌 (무한반복),1
다음판 치킨시 30만원,1
듀오 둘다 살아남으면 10억,1
건물 안에 다 킬하면 만원,1
방탄 안쓰고 치킨시 원하는만큼 도네함,1
후라이팬 3연킬 만원도네,1
탑80하면 천원. 쉬워보여도 은근 어려움 ㅋㅋ,1
가방 없이 치킨시 20만원,1
권총으로 5연킬시 마넌도네~,1
하마님 킬 말고 듀오분 킬당 500개 콜?,1
1등시 100원,1
30분에 500원,1
저승사자 합방하면 1억도네함,1
오퀸 블츠그랩하면 만원,1
2시까지 3성 5천원,1
노샷건 3성 만원있어 형,1
치킨시키면3만원vs회시키면10만원,1
만원줄테니까 도네켜줘,1
룩삼님 이 메세지 읽어주시면 천원,1
이 메세지 읽어주시면 천원,1
룩삼 주면 24만원어치 리엑션 해줌,1
이거 이기면 내가 100만원 도네한다 ㄹㅇㄹ,1
룩삼님 그럼 5만원에 서혜부 보여주실 수 있나요?,1
야 김진효 오만원줄태니까 바지벗어재껴라 싫음 울던가,1
서렌치면 100만원 도네함,1
이기면 만원 도네함,1
이거 이기면 만원도네 각이다,1
동묘가면 5천원,1
그럼 부조금 도네함,1
5만원 도네함,1
장례비는 도네 해줄게,1
재채기하면 만원,1
샤우팅한번 시원하게 지르면 만원,1
티모한테 er쓰면 만원,1
동대문가면 3천원 !,1
제페토 내면 만원 들어옴,1
여기까지 했는데 없음,1
만원 도네하면 10개 시킴?,1
천원 줄게 ㄱㄱㄱㄱ,1
10개당 천원,1
50개면 5천원,1
"10개당 천원, 단 10분까지만",1
형 번호 1개만 뜨면 천원도네,1
전쳇으로 정글차이 치면 5천원,1
10티어 항모방에서 구축함으로 3등안에 들면 만원 미션 하쉴?,1
64등에 백개 or 만냥 선택,1
이 판 승이 시 킬 당 3처넌 오랜만에 미션 돈지컬 기대할게요^--^,1
한명도 못죽이고 갑분싸하면 또 반모해요,1
다음판 이기면 10만원,1
둘이 승부 한번 하죠 형독님이 이기면 10만원 은혁님이 이기면 귓말로 계좌주세연,1
천이씨와 듀오8킬이상우승하시면 천이님도 100죽창..... 이러면 오시겠죠?,1
총 18킬 치킨 200죽창 가즈아ㅏㅏㅏ,1
천이씨 몰래때리면 10죽창,1
담판에 킬당 5죽창 어떠신가,1
새로생긴 주먹킬로그로 20킬하면은 9만원 후원하겠습니다,1
다음판한판만 투척나이프 1킬당 1000넌ㅆㄱ,1
이번판 아무말도 안하고 1등하면 3만원후원할게요 콜??,1
이번 게임 역전승 하면 만원도네하도록 하겠습니다,1
1등 십만원 못하면 옆방에 쏠게여~><,1
이번판 우승시 5억원 만약 우승 못하면 라지한테 5만,1
여기 이만원 추가요 못하면 라지에게,1
4등 2만원,1
"111셋 1등 10마넌,???셋 2등 10마넌,3등 꽝, 4등 2마넌임돠!",1
브베님 지렁이게임안하나요? 5코인 7천점이상 찍으면 20만원 드릴려고 하는데요 매번 비로그인으로 보다가 이번에 로그인해서 처음도네쏴보네요,1
브베형아 꼭 성공하세연 6코인 7천점 찍으시면됩니다!! 20만원 가즈아,1
0킬0천원,1
100원줄테니까 쳐맞아,1
10대 구하면 80만원,1
10데코는 만원,1
10만원 미션 = 4배율 쓰면 10x0.4,1
10분후 만원,1
고라니 킬당 만원,1
SR킬당1억,1
10연차에 3만원,1
10킬 이상 치킨 5만원,1
15만+킬당5천,1
15킬 20억,1
2시까지 검정색 치파오 찾아서 입으면 5억,1
16만+킬당5천,1
17만 + 킬당5천,1
1KD = 200만원,1
대100 우승상금이 5천만원,1
1데스당 500원,1
1데코 1천원 면죄부 1만원 이상,1
1데코 1천원입니다,1
1데코 = 1천원,1
1데코 =1000원,1
1데코 천원,1
1데코=1000원,1
1데코=천원,1
1등 만원,1
1등 만원가자,1
1등 상금 100만 몰빵 나머지 5만원ㅊ ㅏ비,1
1등 오천만원임,1
1등 찍으면 만원준데 효니형,1
1등 천만원,1
1등 천만원 몰빵,1
1등2만원인데!,1
1등시 3만원,1
1등시 둘 중에 수류탄 더 많이 갖고 있는 분 한테 1000비트,1
1등시 만원,1
1등시 킬당 1억,1
1등하면 만원,1
1등하면 만원 제가걸음,1
1등하면 만원도있음,1
1등하면 천원!,1
보급총 1개 이상 먹고 치킨 시 5만원 3코,1
1등하면만원,1
1만원당 30분 금연,1
1만원에 1시간 금연,1
1모당 5천원임다,1
1발쏘면 8만원,1
1위찍으면 만원 받는다 힘내자,1
1킬당 마넌,1
1킬당 백만 ㄷㄷㄷ,1
1킬당만원인가영?,1
20분 안에 스탁당 100원 어떰?,1
2대8 5명 생존시 1마넌,1
2등하면 2만원,1
3 코인 중에 치킨 시 100억 미션,1
3바꾸 1만원,1
3코 치킨 100만원,1
3코 치킨 시 100억 미션,1
3킬 노데스 미션 10만원?,1
3킬당 1만원,1
50억 1등미션인가요??,1
5꽉 10만원 간다,1
5년뒤면 1080 10만원 ㅇㅇ,1
5성 하나에 천만원이면... 이야....,1
5억+킬당1억,1
5억에 킬당 1억,1
5킬당 10만원?,1
m24 찾아서 들면 5000원,1
z킬당만원?,1
갈빙 한 쪽에 천 원,1
개당 6천원,1
검스 착용하기 0/1 미션,1
공방 90분 1킬당 1점 우승시 5점씩,1
그래서 킬당 5천,1
노데스 10만원미션 ㅋㅋㅋㅋㅋ,1
노파츠 M16 + 뮤턴트 치킨 시 10만원 + 2억 + 5억,1
녹두는 6곡에 1000원,1
누가 미션에 10킬 5억에 +5억 해주실분,1
다섯개 골라서 그중에 맞은만큼 5천원,1
다음 판 킬 당 천원,1
다음판 15킬 만원 콜??,1
대화 = 1회에 천원,1
두당 2만원이면 치킨 가능,1
둘 다 살아서 치킨 시 각방 10억,1
치킨 시 킬당 홀수 킬-천만원,1
라팜 1판 사용료 만원,1
짝수 킬-1억,1
리타 1명당 5천원 확인,1
리타10만원!!!!!!!!!!!!!가자아앙아ㅏ앙아아ㅏㅇ아아아!!!!!!!!!!!!!!!!!!!!!!!!!!!,1
리타이어 1대당 1만5천원,1
마우스감도 두배로 킬당 1만원,1
마재님 미션 있어여~~ 1용당 10데코,1
만들면 만원,1
만들어오면 만원,1
맘 드나주면 1000원,1
망치질한번에 2천원면,1
맞다 킬당3천원이잖아,1
무새 1000 원당 한시간 연장 ㄱㄱ?,1
문당 1000원요,1
뭐 5킬 10만원?,1
뭐가 우승 10만원임?,1
실프5킬시 3만 이런거 받은거아님??,1
슬기님 후라이팬으로 때려서 눕히면 1000언,1
한번 장전당 천원,1
백터 킬5000 미션입니다.,1
백터킬당 5000미션입니다,1
분당 200원,1
분당 만원 와,1
비컨2회 이하 만원,1
사과 먹으면 5천원,1
사녹 일등시 4월안에 만원 저 기억하세요,1
사녹 치킨 시 15억 +25억 (1/2코) (실패 시 발박수 50회),1
다음판 스턴트 바퀴 당 1000원,1
사장님 킬 당 만원 / 나머지 팀원 5천원,1
사진찍어서 보여주면 천원,1
샤워하면 만원,1
선풍기 켜면 만원,1
성민 로드킬 만원,1
소맥시키면 만원.....,1
손 씻고오면 천만원,1
미션 치킨 시 2억 +5천만원 +1억 +1억,1
스텍당 100원!,1
시참스쿼드 우승시 10억,1
사장님 포함해서 우승하면 5억미션,1
시청자 대리고 우승시 10ㅁ나원 사장님 데리고 1등하면 5만원 추가,1
안갈거면 3만원 갈거면5만원,1
엘프하면 3만원,1
연다님 지금판 1등하면 만원 콜,1
연다님만 죽고 1등하면 1000비트 + 만원 // 블루님 킬 당 5000원,1
연차당 3만원이겠지,1
예시3 ) 짝수킬 우승 시 : 50만원 / 홀수킬 우승 시 : 500원,1
옛날엔 킬당1000원해서 17000받았는데...,1
와 킬당 2억,1
왕구 1등 5만원,1
우승 10만원ㅡ4등만하자,1
우승 10만원이면,1
"우승 시, 각 방 2만원 // 팀이 3명이상 죽으면 집사만 10만원",1
우승시 2마넌,1
우승시 천원 미션 갸꿀!,1
우승시 킬당 사장님 마넌 .집사 처넌 .나마지 오처넌,1
움프 3킬당 만원 엠십육 5킬인가 4킬에 1만원일 걸요,1
이거 킬당 1억인가요?,1
이거이기면진짜50000원준다,1
이기면 무조건 5만원이다,1
이기면8만원 미션 왁굳형,1
이번 판 치킨 1000비트 + + +,1
블루님보다 킬 많이하고 치킨 시 5억,1
치킨 시 7마넌 실패 시 히사시부리 시그니쳐,1
이번 판 킬 당 천원,1
dmr 1킬당 만원,1
인당 200만원,1
인당 200만원 도네 ㅋㅋ,1
인당 3만원입니다,1
인당천만원,1
일단 조건은 우승시 내킬 1만원 집사킬 1천원 그외팀원 2명 킬당 5천원,1
입-금완료 판당 3만원,1
잠간 레드받고 다리뿌러트리면 2만원인데,1
잡으면 천만원임,1
장전 1번당 천원,1
잼광탄 1킬당 천원...,1
쟤 죽이면 만원,1
쟤 죽이면 천원,1
첫판치킨시 10만원,1
층당 만원이면 자궁까지 아님?,1
치유량당 300원,1
치킨 만원 추가요...,1
듀오 첫판 치킨 시 각방 5억,1
검정색 치파오 찾아서 입으면 5억,1
탑5 5탄 킬당 5천만원,1
"다음판 치킨시 킬당 천,5천,1억,2억,4억 사다리",1
"수류탄,화염병,연막탄 각 1천만원",1
엎드리거나 앉아서 킬당 5천만원,1
장착 제외 총기파츠 하나 당 3천만원,1
사녹 치킨 시 5억,1
한발당 백만원,1
진통제/드링크/연막탄/수류탄/화염병 각 1천만원,1
보급총 킬당 1억,1
진통제 1개당 2천만원,1
탑10-킬당0.5 or 탑2-킬당1억,1
MK47 킬당 1억,1
MK47 킬당 1억(탑텐까지인정),1
대기실에서 허공에 주먹질 안하면 5천만원,1
dmr 킬당 1억,1
치킨 시 sr 킬당 1억,1
치킨 시 드링크 1개당 2천만원,1
치킨시 5천만원 + 2억,1
치킨 시 드링크,1
치킨 시 만원 있습니다 녹두님,1
치킨 시 킬당 1억 (3/3코) / 치킨 시 1억5천만원 (3/5코) +1억 (3/5코) +2억(2/3코),1
치킨 시 킬당 1억 + sr 킬당 1억 / 치킨 시 10억 + 9천만원 +3억,1
치킨 시 킬당 1억 + sr 킬당 1억 / 치킨 시 10억 + 9천만원 +3억 + 2억,1
치킨 시 킬당 3000만원 / 킬당 1000만원,1
치킨 시 킬당 천만원,1
치킨 시 킬당2000만원,1
"치킨 시, 각 방 2만원 // 팀이 3명이상 죽으면 집사만 10만원(우승 상관 X)",1
치킨미션 합:12만 +구독권10장,1
치킨미션 홀-천만원 짝 1억 있어요 :(,1
치킨시 10만원,1
치킨시 1억 + 2억 + 4300만원 + 2억 + 1700만원,1
치킨시 1억 + 2억 + 4300만원 + 2억 + 1700만원 + 2억,1
치킨시 1억+2억+4300만원+2억,1
"치킨시 각자 2만원고정, 킬당 사장님만원 팀원 오천원 집사 천원",1
치킨시 각자 2만원도 같이,1
치킨시 킬당 2억,1
"치킨시 킬당 천,5천,1억,2억,4억 사다리",1
"치킨시 킬당 천,5천,1억,2억,4억 사다리 / 치킨 시 5억(1/3코인)",1
"치킨시 킬당 천,5천,1억,2억,4억 사다리 / 치킨 시 5억(1/3코인) / 10킬 치킨 시 10억 (1/5코)",1
"치킨시 킬당 천,5천,1억,2억,4억 사다리요",1
카쿠팔에 4배 끼우면 4000원 콜 ?,1
카쿠팔에 4배 끼우면 4000원 콜 ? 미션콜??,1
케넨 킬당 10데코,1
케넨 킬당 만원 최대 10만,1
킬 10데코 데스 -5데코 어시 3데코 cs당 300원,1
킬 1마넌 데스-5천원,1
킬 당 100원 쌉가능,1
킬당 1000데코 ㅋㅋㅋ,1
킬당 1000만원,1
킬당 100만ㄷㄷ,1
킬당 1점 1등은 10점,1
킬당 2000원 + 우승시 3만원,1
킬당 2만 ㄱ?,1
킬당 3억,1
킬당 3억 미션 담판 사다리 미션으로 바꼈어요,1
킬당 3억 미션 바뀜,1
킬당 3억도 있어,1
킬당 4억,1
킬당 5처넌 미션 하나염,1
킬당 5천 ㄷㄷ,1
킬당 5천이면.. 사녹 ㄱ?,1
킬당 마넌 ㄷㄷ,1
킬당 마농이용,1
킬당 만원 미션,1
킬당 오천원?,1
킬당 오천은 사장님 자러 가셨으니 빼야하지 않을까,1
킬당 천원,1
킬당1000원이면,1
킬당10만이네 이제,1
킬당1억미션 끝,1
"[5:18:43] <@Nightbot> 명령어, 업타임, uptime, 유튜브, 트게더, 배그설정, 에이펙스설정, 사양, 감도, 모니터, 사운드, 마우스, 마우스패드, 마우스번지, 이어폰, 헤드셋, 키보드, 캔티드, 피색깔, 구독, 후원, 기부, 메일, 페이스북, Gen.G, 시그니쳐, 다시보기, 사옥주소",0
[5:18:51] <애월리안> 요새 suv 소음 그리 안커요,0
[5:18:53] <즈카쨩> 보라색에임 신기함,0
[5:18:53] <유리멘탈잉여> 녹두님은 드림카 뭐에요?,0
[5:19:04] <gosbae123> 첫차면 그냥 싸게 k3 라인 타용,0
[5:19:05] <자유를원하는도비> 관 ㅡㅡㅡㅡㅡㅡㅡㅡㅡ 음,0
[5:19:06] <%콩2_> ㅋㅋㅋㅋㅋㅋㅋ,0
[5:19:11] <yangyaong> !옵션,0
[5:19:15] <묘누나의노예치세짱> !배그설정,0
[5:19:16] <@Nightbot> 안티 - 울트라 / 포스트 - 중간 / 텍스트 - 울트라 / 나머지 - 매우낮음 / 화면스케일 - 100 / 밝기 - 50 / 1인칭 시야각 - 100 / 엔비디아 디지털바이브런스 - 50 / 해상도 - 1920 X 1080 / 선명함 - X / 엔비디아 다른 설정 X,0
[5:19:16] <secarin12> 소음하고 승차감 별로던데요,0
[5:19:19] <yangyaong> !배그설정,0
[5:19:25] <rangpe1111> !사양,0
"[5:19:25] <@Nightbot> [게임PC] i7-8700k, GTX1080Ti Ram 32GB // [송출PC] i7-7700k, GTX1060, Ram 16GB",0
[5:19:26] <didsuatnvm> 스포티지,0
[5:19:28] <피르니드> 람보르기니,0
[5:19:29] <유요요> k3도 싸지않던데.. ㅠㅠ,0
[5:19:32] <애월리안> suv 소음하고 승차감이 별론데요 라고말하면,0
"[5:19:33] <@픽시픽싀> *시참 중 저격, 방플 등의 행위는 지양해주시면 감사하겠습니다!",0
[5:19:42] <애월리안> 모든suv싸잡아서 말씀하시는건지?,0
[5:19:42] <레비티아> 남자라면 지프!,0
[5:19:46] <즈카쨩> K3도 중고 은근히쌤..,0
[5:19:47] <altech2001> 드림카가 미라도??,0
[5:19:48] <@Nightbot> 놓친 생방송은 편집된 윤루트 유튜브로! https://www.youtube.com/channel/UCmJ4DkPFPzjR2TkJ7lXSQWw?sub_confirmation=1,0
[5:19:50] <jooganoo> !마우스,0
[5:19:51] <%z41076> 쓸데 없이 다리만 긴사람은 어떤차가 맞을까요. 회사차 그랜져 몰아봐도 다리가 불편하던데.,0
"[5:19:51] <@Nightbot> 게임용 - GPRO WIRELESS [사용중] / 송출용 - G903 / 사용 했던 것 - ROCCAT KONEPURE OWL-EYE, ZOWIE EC2-B DIVINA",0
[5:20:01] <대흥> !스크림,0
[5:20:02] <%rulelet> 아반떼 타쉴?,0
[5:20:04] <%다람_> ㅋㅋㅋㅋㅋㅋㅋㅋㅋㅋㅋ,0
[5:20:04] <@달달한달콤> 엌ㅋㅋ,0
[5:20:05] <yangyaong> 선명함을,0
[5:20:06] <피르니드> 시참 전문 스트리머,0
[5:20:07] <yangyaong> 안쓰시넹,0
[5:20:09] <@픽시픽싀> 저스트빌런,0
[5:20:09] <%콩2_> ㅋㅋㅋㅋㅋㅋㅋㅋㅋ,0
[5:20:10] <자유를원하는도비> 그런데 찐따가방?!?!?!?!?!!?,0
[5:20:12] <즈카쨩> 헌- 납,0
[5:20:13] <감자천국> ㅇㅈㅇㅈ 공방 못하겠더라 시참 해보니깐,0
[5:20:14] <등잔불> 죽으러 왔다 ㅋㅋㅋ,0
[5:20:16] <애월리안> 다리긴사람은 솔직히 경차 준준형만 안타면 괜춘하실텐데,0
[5:20:21] <%콩2_> 와,0
[5:20:32] <@픽시픽싀> 도배 주의해주세요!,0
"[5:20:42] <@Nightbot> 분탕, 분쟁, 트기장을 유도시킬만한 대화는 경고없이 영구밴입니다.",0
[5:20:45] <묘누나의노예치세짱> ㅋㅋㅋㅋㅋㅋㅋㅋㅋㅋㅋ,0
[5:20:48] <%권새아> ㅋㅋㅋㅋㅋㅋㅋㅋㅋㅋㅋ,0
[5:20:54] <gosbae123> ㄷㄷㄷㄷㄷ 다비킬듯,0
[5:20:59] <rangpe1111> 피가 밝은 빨간색이네특이하넹....,0
[5:21:00] <%rulelet> 녹두 왜 삼배율이지,0
[5:21:01] <%콩2_> 하하하,0
[5:21:04] <lielie99> !멤버,0
"[5:21:04] <@Nightbot> 왓구홍길동 [듀오 - 시참 (방제 : 왕구, 비번 : 1234, 서버 : 아시아)]",0
[5:21:07] <@픽시픽싀> !피색깔,0
[5:21:07] <@Nightbot> PUBG : 녹색맹 설정,0
[5:21:11] <%rulelet> 팔배율 잘나오던데 힝,0
[5:21:19] <등잔불> 오오오,0
[5:21:20] <유리멘탈잉여> 연비 장난아닐듯 ㄷㄷ,0
[5:21:29] <등잔불> 어,0
[5:21:31] <gosbae123> 욕시 왕구홍갈똥,0
[5:21:35] <%rulelet> ㅋㅋㅋㅋㅋㅋㅋㅋㅋㅋㅋㅋㅋㅋ,0
[5:21:35] <UnYule> 그 슈터..,0
[5:21:36] <여전히> 슈ㅠㅠㅠㅠㅠㅠㅠㅠㅠ터,0
[5:21:37] <kimsunguk> 우리의 그슈터,0
[5:21:38] <등잔불> 대박,0
[5:21:40] <+진혼이> 그슈터,0
"[5:21:40] <@Nightbot> 소통을 못할수도 있으니, !명령어 를 채팅방에 쓰셔서 확인하고싶은 부분 확인해주세요!",0
[5:21:41] <감자천국> 그 슈터,0
[5:21:41] <kimsunguk> 바로 뚝배기 깨버리죠,0
[5:21:41] <+진혼이> 와,0
[5:21:43] <피드박스> 그 슈터...ㅋㅋ,0
[5:21:45] <jooganoo> !감도,0
"[5:21:45] <@Nightbot> DPI : 400 // [PUBG : 인게임 일반감도 53, 나머지 48, 수직감도 1.58] / [APEX : 마우스 감도 3.2, ADS감도 1.3]",0
[5:21:45] <kimsunguk> 그슈터는 실력까지 있어서,0
[5:21:45] <$kkk16kkk> !마우스,0
"[5:21:46] <@Nightbot> 게임용 - GPRO WIRELESS [사용중] / 송출용 - G903 / 사용 했던 것 - ROCCAT KONEPURE OWL-EYE, ZOWIE EC2-B DIVINA",0
[5:21:48] <%콩2_> 오,0
[5:21:51] <10부팬티> 그냥 바로ㅋㅋㅋ,0
[5:21:54] <%rulelet> 슈터 일반겜은 빠꾸없ㄱ네,0
[5:21:56] <gosbae123> 이젠 고였어..,0
[5:22:05] <유리멘탈잉여> 그 슈터 ㄷㄷ,0
[5:22:06] <kimsunguk> 난 슈터 맘에 든다,0
[5:22:12] <UnYule> 죄송한데 지금 이방 커스텀인가요?,0
[5:22:16] <10부팬티> 넹,0
[5:22:17] <gosbae123> 넹,0
[5:22:18] <%콩2_> 하필슈터ㅋㅋㅋㅋㅋ,0
[5:22:18] <10부팬티> 시참 입니당,0
[5:22:18] <+진혼이> 그슈터 한테 맞아봤는데 진짜 핵느낌이였음,0
[5:22:20] <UnYule> 답변갑사합니다,0
[5:22:42] <자유를원하는도비> 저런 석유가 그동안 쥬니어 발록을 하고 있었다니....,0
[5:22:42] <%ghsaveng> ghsaveng subscribed with Twitch Prime. They've subscribed for 5 months! ,0
[5:22:46] <@달달한달콤> rootzoneRight rootzoneLeft,0
[5:22:48] <@픽시픽싀> rootzoneUp rootzoneThumb,0
[5:22:49] <%권새아> rootzoneLeft rootzoneRight rootzoneLeft,0
[5:22:50] <기역디귿니은리을> 슈터가 깊숙히들어갓나보네,0
[5:22:50] <%콩2_> rootzoneUp rootzoneThumb,0
[5:22:55] <%rulelet> rootzoneThumb rootzoneUp,0
[5:23:01] <pongdyu413> 슈터도 잘하는구나,0
[5:23:14] <gosbae123> 슈터라는분은 프로에오?,0
[5:23:14] <윤조로> 근데 확실히 커스텀이 프레임이 공방에비해 안나오느ㅡㄴ구나..,0
[5:23:24] <10부팬티> 와 외국인도 들어오는 갓스텀 매치,0
[5:23:30] <%콩2_> 크,0
[0:00:04] <rudtjq2005> !감도,0
[0:00:12] <Ggy0202> 좋다 좋아,0
[0:00:12] <블랙레드> 깰끔해졌다,0
[0:00:12] <귤은주문력이다> 살았다,0
[0:00:14] <뉴즈뉴비> !미하,0
[0:00:14] <wmd525> rnt,0
[0:00:15] <제발욤> 안끊긴다,0
[0:00:15] <qlalf0456> !미하,0
[0:00:16] <Ksh4550402> 좋아요,0
[0:00:16] <Ggy0202> 빠른 재방 센스 지림,0
[0:00:17] <퍼트려> 미하~,0
[0:00:18] <3대400가자> 지각 애반데,0
[0:00:20] <끔뻑> 미하,0
[0:00:20] <블랙레드> 조아여~~~,0
[0:00:25] <rudtjq2005> !감도,0
[0:00:28] <qlalf0456> 첫판의 미라클 다시가즈아,0
[0:00:31] <챠리리> 겜하다가 방송키시네,0
[0:00:32] <미르메르> 미하,0
[0:00:33] <왁타이거> 새로고침 두번 하니 괜찮아졌다,0
[0:00:34] <왁타이거> 죠왕,0
[0:00:41] <뉴즈뉴비> 이제방송키시네!,0
[0:00:42] <퍼트려> 미라클님 지금 2시간 50분 지각하셨거든요 3시까지하셔야할듯,0
[0:00:44] <rlatjd1015> 사이다 먹은 기분이다,0
[0:00:49] <챠리리> 오늘 왤케 늦음,0
[0:01:07] <N6N6> 11시 방송시작 에반데,0
[0:01:14] <끔뻑> !업타임,0
[0:01:15] <Nightbot> Stream uptime: 1 minute 22 seconds,0
[0:01:17] <곰군이다> 11시시작 에반데..,0
[0:01:18] <고메즈> !uptime,0
[0:01:18] <Nightbot> Stream uptime: 1 minute 26 seconds,0
[0:01:19] <qlalf0456> 이걸 받아주네?,0
[0:01:26] <뉴즈뉴비> ㅋㅋㅋㅋㅋㅋㅋㅋㅋㅋㅋ업타임,0
[0:01:29] <Ggy0202> 1분 30초했어,0
[0:01:33] <곰군이다> 얼마 안하긴 했음 1분했네,0
[0:01:36] <챠리리> 1분30촌데 얼마 안한거 맞습니다,0
[0:01:37] <Ksh4550402> 꿈꾸셧네 라클님ㅋㅋㅋㅋ,0
[0:01:38] <인생빠꾸없다> 화질 낮춤?,0
[0:01:39] <rudtjq2005> !감도,0
[0:01:40] <Ksh4550402> 얼마안햇는데,0
[0:01:44] <퍼트려> 근대진짜 너무 시간 금방간다,0
[0:01:50] <1인칭성애자> 오우 이제 괜찮네,0
[0:01:52] <다신울리지않을자신있는데> 득털님 힘내세요,0
[0:01:55] <귤은주문력이다> ㅋㅋㅋㅋㅋㅋㅋ,0
[0:01:58] <퍼트려> 최대 2시간밖에 안남았네 ㅠㅠ,0
[0:01:58] <AkdangX_X> 그 꿈 나도 꾼거같은데,0
[0:01:59] <곰군이다> 에이 꿈 이상하게 꾸셨네,0
[0:01:59] <봉봉쓰> 아 x발 꿈,0
[0:02:00] <Ksh4550402> 그거 꿈이에요 ㅋㅋㅋㅋ,0
[0:02:00] <Ggy0202> 그꿈 나도 공유한거같아,0
[0:02:02] <뉴즈뉴비> 어 저도 그거,0
[0:02:03] <블랙레드> ㅋㅋㅋㅋㅋㅋㅋㅋㅋㅋㅋㅋㅋㅋ,0
[0:02:05] <3대400가자> 유투브로 확인하세요,0
[0:02:06] <뉴즈뉴비> 본것같음,0
[0:02:07] <귤은주문력이다> ㅋㅋㅋㅋㅋ,0
[0:02:07] <qlalf0456> 힘의길님 힘내세요,0
[0:02:15] <hphong13> 힘의길ㅋㅋㅋㅋㅋㅋㅋㅋㅋㅋㅋㅋ,0
[0:02:22] <다신울리지않을자신있는데> 죄송합니다 다신 안올게요,0
[0:02:22] <qlalf0456> 면도하셨네요?,0
[0:02:28] <미르메르> ㅋㅋㅋㅋㅋㅋㅋㅋ,0
[0:02:44] <인생빠꾸없다> 힘의길 의문의 1패,0
[0:02:50] <복복치치> 미하미하,0
[0:03:03] <qlalf0456> 의길님하고 운동컨텐츠도 재밌겠다,0
[0:03:14] <Ggy0202> 말왕님정도면 이기실려나? ㅋㅋ,0
[0:03:18] <3대400가자> 트위치에 은근 헬창 많은듯,0
[0:03:27] <봉봉쓰> 뭔총이지? 하면서 오겠다,0
[0:03:39] <AkdangX_X> 와 탄속봐 ㅋㅋㅋㅋ,0
[0:03:40] <퍼트려> 탄속미쳤네,0
[0:03:43] <퍼트려> 완전 굼뱅인데,0
[0:03:45] <Ggy0202> ??? : 저새기 움프들고있는 배린이다,0
[0:03:49] <왁타이거> 족발집인줄 알고 온다고,0
[0:03:51] <누구세용> ㅋㅋㅋㅋㅋㅋㅋㅋㅋㅋㅋㅋㅋㅋㅋㅋㅋㅋㅋㅋ,0
[0:03:57] <봉봉쓰> ㅋㅋㅋㅋㅋㅋㅋ,0
[0:03:58] <누구세용> 옼ㅋ,0
[0:04:01] <끔뻑> 누르면서 동시에 1?,0
[0:04:02] <1인칭성애자> 오 반응이 온다,0
[0:04:03] <Ggy0202> 국뽕비트 쏴보자,0
[0:04:04] <복복치치> !미션,0
[0:04:15] <복복치치> 오늘 뭐 파는고에요?,0
[0:04:15] <곰군이다> 소음기라서 들릴까,0
[0:04:20] <Ggy0202> 굼벵이가 아니라 람머스 아닐까요?,0
[0:04:20] <봉봉쓰> 굼뱅이특) 음속보다 빠름,0
[0:04:31] <rudtjq2005> !감도,0
[0:04:42] <곰군이다> 움프 9탄일때가 좋았는데,0
[0:04:55] <3대400가자> 호적에서 파버린 ㅜ,0
[0:05:13] <chinexis90> 요요!!!,0
[0:05:15] <Ggy0202> 산책로 끝자락 좋음요,0
[0:05:18] <chinexis90> 와썹!,0
[0:05:21] <k413h> 잠시나갔다왔더니 움프네 ㅅㅅ,0
[0:05:33] <챠리리> 나두 저런 원 걸리면 진짜 어디가야할지를 모르겠던데;,0
[0:05:34] <1인칭성애자> 움프로 여포 ㄷㄷ,0
[0:05:39] <N6N6> 보리밥집 가능,0
[0:05:45] <sssswitchsss> 다시 들어옴.,0
[0:05:55] <sssswitchsss> 안끊기네,0
[0:06:01] <아프리카만세> 라클이형 갑자기 헬스질문해서 죄송한데 bcaa같은거 드시나요? 뭐드시나요?,0
[0:06:09] <Ggy0202> ㅋㅋㅋㅋㅋㅋㅋㅋㅋㅋ,0
[0:06:14] <Ggy0202> 한참앞에 리드샷하네 ㅋㅋㅋㅋㅋㅋㅋ,0
[0:06:16] <왁타이거> ㅋㅋㅋㅋㅋㅋㅋ,0
[0:06:27] <챠리리> 방금 한참앞에 해도 오토바이 지나가고 박히지않음?,0
[0:06:32] <rudtjq2005> !감도,0
[0:06:42] <퍼트려> 제 친구는 유지방알레르기있어서 저런거 못먹는다는데,0
[0:06:43] <귤은주문력이다> ㅋㅋㅋㅋㅋ,0
[0:06:44] <Ggy0202> 총알이 아니라 돌맹이 던지는거같다,0
[0:06:45] <k413h> 움프45탄은 탄수급 ㄹㅇ 노답일듯,0
[0:06:46] <왁타이거> 여기 힘의길님 채널 아닙니다,0
[0:06:47] <u_levatein> ㅋㅋㅋㅋㅋㅋ비비탄인데?,0
[0:07:01] <왁타이거> 와 뒤돌았는데 그제야 박히네,0
[0:07:03] <곰군이다> 그와중에 맞았네,0
[0:07:04] <dmwmfl> 형 bcaa 원료 동물 털인거 알아?,0
[0:07:07] <1인칭성애자> 탄이 업슨데?,0
[0:07:09] <인생빠꾸없다> 차라리 총알 잡고 던지는게,0
[0:07:12] <왁타이거> 탄살녹,0
[0:07:34] <Ggy0202> 루피 할아버지가 던지는 포탄보다 느리다,0
[0:07:57] <왁타이거> 오 4배? 중요하지,0
[0:08:33] <Ggy0202> 붙이자,0
[0:08:34] <1인칭성애자> 와 까비,0
[0:08:35] <퍼트려> 3갑인가보넹,0
[0:08:56] <AkdangX_X> 오호,0
[0:08:59] <1인칭성애자> 4AM 캇!,0
[0:09:01] <Ggy0202> 해우소 문열림,0
[0:09:04] <안현태> 카리스마 개쩔었어,0
[0:09:20] <Ggy0202> 가깝다,0
[0:09:28] <Ggy0202> 움프 킬딸 각 나옴,0
[0:09:34] <왁타이거> 레드존이여,0
[0:09:45] <누구세용> 크,0
[0:09:45] <1인칭성애자> 와,0
[0:09:48] <Ggy0202> 서열정리,0
[0:09:48] <1인칭성애자> 샷지린다,0
[0:09:50] <_계피> ㅋㅋ,0
[0:09:58] <왁타이거> ㅋㅋㅋㅋㅋㅋㅋ,0
[0:09:59] <퍼트려> 까부네 ?,0
[0:10:02] <왁타이거> 성질나게 하네,0
[0:10:03] <챠리리> 위치보는것도 신기허네..,0
[0:10:05] <u_levatein> ㅋㅋㅋㅋㅋㅋㅋ,0
[0:10:07] <Ggy0202> 저자식 눈마주치자마자 꺠갱한[,0
[0:10:15] <Ggy0202> 해우소 문열렸다니까 아까 ㅋㅋ,0
[0:10:34] <u_levatein> ㅋㅋㅋㅋㅋㅋㅋㅋㅋㅋㅋㅋㅋ,0
[0:10:34] <끔뻑> ㅋㅋㅋㅋㅋㅋㅋㅋㅋ,0
[0:10:35] <누구세용> ㅋㅋㅋㅋㅋㅋㅋㅋㅋㅋㅋㅋㅋㅋㅋㅋㅋㅋㅋㅋㅋㅋㅋㅋ,0
[0:10:37] <Ggy0202> 기적의 탄속,0
[0:10:37] <끔뻑> 리드샷이안돼 ㅋㅋㅋㅋㅋㅋㅋㅋㅋㅋㅋ,0
[0:10:38] <아하아하맨> 그저 움프,0
[0:10:40] <존버간디오면쏜다덜덜> 찐프,0
[0:10:40] <AkdangX_X> 진짜 움프....,0
[0:10:41] <qlalf0456> ㅋㅋㅋㅋㅋㅋㅋㅋㅋㅋㅋ,0
[0:10:41] <hphong13> ㅋㅋㅋㅋㅋㅋㅋㅋㅋㅋㅋㅋㅋㅋㅋㅋㅋㅋㅋㅋㅋㅋㅋㅋㅋ,0
[0:10:41] <깔라만쒸> 어림없죠,0
[0:10:42] <yhkim1014> 앞에ㅐ보급,0
[0:10:43] <Ggy0202> 움프했다.......,0
[0:10:47] <qlalf0456> 오토바이보다 느리네 탄속이,0
[0:10:47] <왁타이거> ㅋㅋㅋㅋㅋㅋ,0
[0:10:47] <Nightbot> ㅋㅋㅋㅋㅋㅋ,0
[0:10:49] <k413h> 와,0
[0:10:52] <Ggy0202> 형이 집어 던지는게 더 정확해,0
[0:10:52] <왁타이거> 은근 많이 맞았는데,0
[0:11:17] <누구세용> 해우소 뛰어감,0
[0:11:20] <누구세용> 방금,0
[0:11:30] <누구세용> ㅋㅋㅋㅋㅋㅋㅋ,0
[0:11:32] <방긋몬님> 와...,0
[0:11:33] <u_levatein> 에헤이 ㅋㅋㅋㅋㅋ,0
[0:11:34] <끔뻑> 졌쥬?,0
[0:11:34] <Ggy0202> ........,0
[0:11:35] <곰군이다> 이거승ㄴ..,0
[0:11:36] <바넬> 이걸 헤드로?ㅋㅋㅋ,0
[0:11:37] <AkdangX_X> 방금 갓드려쏴???,0
[0:11:46] <곰군이다> 서열정리 당했네,0
[0:11:46] <로즈워드> 스르륵 잠이 듭니다,0
[0:11:48] <존버간디오면쏜다덜덜> 적페대결 패배,0
[0:12:01] <Ggy0202> 누가 말했었는데,0
[0:12:13] <인생빠꾸없다> O_O 예상치도 못한 전개,0
[0:12:16] <퍼트려> 와 뽀록샷,0
[0:12:22] <챠리리> ??,0
[0:12:24] <퍼트려> 에임 좋은것도 아니였는데 ㅠ,0
[0:12:24] <tjqna> 여기서 트수탓을????,0
[0:12:25] <바넬> 남탓ㅋㅋㅋ,0
[0:12:25] <복복치치> 적폐 스르륵으로 지다니...,0
[0:12:26] <끔뻑> 이걸?,0
[0:12:26] <곰군이다> ?,0
[0:12:28] <인생빠꾸없다> 정직하게 쏘누,0
[0:12:33] <끔뻑> 남탓의 시작,0
[0:12:34] <곰군이다> 게임을 트수보고 하라고 하시네,0
[0:12:34] <Ggy0202> 이걸 트수 탓으로돌려?,0
[0:12:45] <Ggy0202> 남탓라클,0
[0:12:59] <tjqna> 잘되면 지탓 안되면 트수탓,0
[0:13:02] <인생빠꾸없다> 흐르미 잘못,0
[0:13:14] <Ksh4550402> 형 기열이형인줄알앗어 ㅋㅋㅋ변명,0
[0:13:14] <Ggy0202> 떄릴려고 손든거 아니지?,0
[0:13:17] <끔뻑> ㅋㅋㅋㅋㅋㅋㅋㅋㅋㅋㅋㅋ,0
[0:13:17] <dudqls5045> 형 웹툰에 윈드브레이커에서 강한남이라고 있는데 형 닮았어,0
[0:13:18] <N6N6> ㅋㅋㅋ,0
[0:13:20] <퍼트려> ㅋㅋㅋㅋㅋㅋㅋㅋㅋㅋㅋㅋㅋ,0
[0:13:20] <N6N6> 핵딜,0
[0:13:31] <Ksh4550402> ㅋㅋㅋㅋㅋㅋㅋㅋㅋㅋㅋㅋㅋㅋㅋ,0
[0:13:32] <곰군이다> 변명전문가,0
[0:13:38] <Ggy0202> 변명아티스트,0
[0:13:39] <끔뻑> 조만간 유료벤 각인데,0
[0:13:50] <인생빠꾸없다> 미라클했는데 무슨 문제라도?,0
[0:14:00] <Ggy0202> ㅋㅋㅋㅋㅋㅋㅋㅋㅋㅋㅋㅋ,0
[0:14:05] <Ksh4550402> ㅋㅋㅋㅋㅋㅋㅋㅋㅋㅋㅋㅋ변명나이스하쥬,0
[0:14:06] <곰군이다> 아무튼 안풀림,0
[0:14:07] <복복치치> 집에서도 무시당하는데 라클이한테도 무시당하네..,0
[0:14:12] <Ggy0202> 그럼 징크스 이겨내자 플레어건 치킨 유읍각 잡자,0
[0:14:13] <퍼트려> 형 비켄디한번 가죠 ㅋㅋ,0
[0:14:22] <헤이델> 쪼오금 선넘,0
[0:14:29] <Ksh4550402> 오늘 플레어쏘고 치킨먹어줘요 라클님ㅋㅋ,0
[0:14:43] <Ksh4550402> 징크스 부숩시다,0
[0:14:44] <끔뻑> 마음의 고향 자키로 가시죠,0
[0:14:45] <인생빠꾸없다> 캐릭 좀 바꾸자,0
[0:14:52] <Ggy0202> 플레어건 치킨 가즈아,0
[0:14:56] <퍼트려> 이거는 카메시키가실듯,0
[0:15:07] <위인이원재> 형 얼굴보고싶어요,0
[0:15:08] <헤이델> 라클님한테 대지라 그러다가 얼굴이 대지랑 접촉하는수가있음,0
[0:15:08] <Ggy0202> 옛고향 리포브카 가자,0
[0:15:11] <Ksh4550402> 젖과 꿀이 흐르는 카자흐스탄 가요 ㅋㅋㅋ,0
[0:15:14] <챠리리> ...,0
[0:15:20] <블랙레드> 맨션 맨날 가는데 맨션 개꿀~,0
[0:15:30] <재균이> 유툽만 보다가 올만에 생방 왔슴다 미하,0
[0:15:32] <인생빠꾸없다> 신데렐라야?,0
[0:15:38] <퍼트려> 연기보소 ㅋㅋㅋ,0
[0:15:40] <인생빠꾸없다> 무슨 12시정각하면 가네,0
[0:16:07] <리록> 12시가 지나면 신데렐라처럼 힘이 쪽빠져용,0
[0:16:08] <끔뻑> 보통 몇시에일어나세요?,0
[0:16:11] <재균이> 형 1시에는 먹방이지,0
[0:16:26] <Ggy0202> 그건 아침아니야,0
[0:16:28] <끔뻑> 아침이 아닌데..?,0
[0:16:35] <복복치치> 형 오늘 머리 보니까 아예 미는것도 멋있것다~~~,0
[0:16:44] <Ggy0202> 엎었다 ㅋㅋㅋㅋㅋㅋㅋㅋ,0
[0:16:45] <재균이> ㅋㅋㅋㅋㅋㅋ 교미한다 쟤네,0
[0:16:45] <Nightbot> ㅋㅋㅋㅋㅋㅋ,0
[0:16:47] <kkk7596> ㅋㅋㅋㅋㅋㅋㅋㅋㅋㅋㅋㅋㅋㅋㅋㅋㅋㅋㅋㅋ,0
[0:16:54] <Ggy0202> ㅋㅋㅋㅋㅋㅋㅋㅋㅋㅋㅋㅋㅋㅋㅋㅋㅋㅋ,0
[0:16:54] <AkdangX_X> 원잌ㅋㅋㅋㅋㅋㅋㅋㅋㅋㅋㅋ,0
[0:16:56] <끔뻑> 둘이 합심해서 나쁜짓하네,0
[0:16:57] <퍼트려> 밀배원은 꿀잼이아닌데,0
[0:17:00] <재균이> 검문이 판을치겟네 ㅊㅊㅊ,0
[0:17:01] <Ggy0202> 검문소 가자 벙커털고,0
[0:17:05] <카인님> 에란겔 진짜 잠수함패치로 밀베원 잘걸리게 해논거같음,0
[0:17:21] <카인님> 3판하면 1판은 밀베원임,0
[0:17:36] <AkdangX_X> 삐짐,0
[0:17:37] <재균이> 먹튀보소,0
[0:17:39] <끔뻑> 삐졌다,0
[0:17:39] <헤이델> 얼굴이 대지랑 접촉하긴 싫었던걸로,0
[0:17:39] <Ggy0202> 1분뒤 뒤통수 때릴거같은 불안감...,0
[0:17:40] <곰군이다> 삐졌네,0
[0:17:44] <퍼트려> ㅋㅋㅋㅋㅋㅋㅋㅋㅋㅋㅋㅋ 삐진거보소,0
[0:17:46] <Ggy0202> 누구 또왔다,0
[0:18:05] <곰군이다> 팬티런,0
[0:18:14] <hphong13> 어? 열받네?,0
[0:18:15] <u_levatein> ㅋㅋㅋㅋㅋㅋㅋㅋㅋㅋㅋ,0
[0:18:20] <u_levatein> 머이케 사람이 금방식어? ㅋㅋㅋㅋ,0
[0:18:29] <Ggy0202> 갓미건,0
[0:18:45] <재균이> 궤변..,0
[0:18:50] <위인이원재> 형 토미건 팔아주면안되나요?,0
[0:18:54] <곰군이다> 그래서 안생기시는구나..,0
[0:18:55] <헤이델> 사랑의 5G화,0
[0:18:56] <카인님> 현대적인 사람,0
[0:18:57] <재균이> 안해봤자나 해본척하네 이 형,0
[0:19:06] <챠리리> 토미건 도트만 달려도 팔아봄직한데,0
[0:19:19] <hphong13> 또 뮤탱 ㄷㄷㄷ,0
[0:19:21] <재균이> 미턴트 줍줍,0
[0:19:28] <Ggy0202> 떴다,0
[0:19:30] <끔뻑> 나왔다,0
[0:19:30] <블랙레드> 베턴트,0
[0:19:31] <u_levatein> 3번 가즈ㅏㅏㅏㅏㅏㅏㅏㅏㅏㅏㅏㅏㅏㅏ,0
[0:19:35] <Ggy0202> 떴다 형 검문가즈아,0
[0:19:36] <dog2456> 배릴뮤트조합가나요!,0
[0:19:42] <AkdangX_X> 역시 멘션이었네,0
[0:19:45] <끔뻑> '그' 조합,0
[0:19:45] <헤이델> 방금 베릴 라이트쓰고 토할뻔했습니다 에임이 미국으로가던데요,0
[0:19:56] <hphong13> 뮤탱은 근데 어떤 면이 좋은가요,0
[0:19:59] <카인님> 지금가면 검문당할삘,0
[0:20:04] <hphong13> 한번도 써본적이없어서리,0
[0:20:14] <헤이델> 멀미하고있어요,0
[0:20:14] <k413h> 베릴쓰는판특 dmr이나 수류탄킬이 더많음,0
[0:20:22] <끔뻑> 조회수를 노려볼수있습니다,0
[0:20:25] <Ggy0202> 불안하긴해,0
[0:20:28] <hphong13> 그렇군요,0
[0:20:30] <Ggy0202> 왠지 관음하고있을거같은데,0
[0:20:36] <재균이> 오랜만에 오토바이로 다리 건너기 가능 ?,0
[0:20:48] <복복치치> 형 베릴 점사 언제 팔거야??????,0
[0:20:59] <재균이> 헤에 ㅠㅠ 그거 명장면인데 이제못하는구나,0
[0:21:12] <끔뻑> 라클님도 못파는 베릴점사?,0
[0:21:17] <인생빠꾸없다> 적4 ㅠ,0
[0:21:28] <더티한번틀어줘영> 멘션 잘나오네 템,0
[0:21:38] <재균이> 간지용,0
[0:21:44] <Ggy0202> 클럽용,0
[0:21:50] <재균이> 갓미니 거르는 미형 ㄷㄷ,0
[0:21:51] <k413h> 베릴초창기에 점사로약팔지않음 이분?,0
[0:22:01] <dhrtn4515> !사양,0
[0:22:01] <Nightbot> 2700X / TITAN XP / STRIX-F Gaming / 16GB 일겁니당.,0
[0:22:03] <hphong13> 베릴도 3점사인가요?,0
[0:22:04] <인생빠꾸없다> 민희당,0
[0:22:23] <재균이> ㅋㅋㅋㅋㅋ 바람넣지맠ㅋㅋ 이상한거 한다,0
[0:22:32] <zxcfttfcvb> 6배 3점사 잘 맞는다 소리가 있던데,0
[0:22:35] <재균이> 보트가 답입니다,0
[0:22:39] <복복치치> 언제 훈련장에서 베릴 점사 판댔는데ㅋㅋㅋ,0
[0:22:39] <끔뻑> 정답은 바다다,0
[0:22:39] <dhrtn4515> 배타고 넘어가자~~~,0
[0:22:47] <Ggy0202> 보트타고 역검문하고 다시 검문?,0
[0:22:54] <안현태> 전판 이겼나요??,0
[0:22:57] <Ggy0202> 저번주에 4연속 밀베로 멘탈 터졌지...,0
[0:22:58] <재균이> 상남자로 지르자,0
[0:22:58] <카인님> 미라클님은 근데 왜 아시아섭만걸려요?,0
[0:23:09] <챠리리> 요새 밀베원 하두 떠서 검문 잘 없더라구여,0
[0:23:15] <재균이> 다시아니까 해봄직함 ㄱㄱ,0
[0:23:32] <재균이> 행운의 노랑다시아,0
[0:23:37] <끔뻑> 급 레이싱게임,0
[0:23:38] <Ggy0202> 연료 다쓴다는 각오로 전진해야함,0
[0:23:40] <재균이> 죽기 10초전,0
[0:23:41] <카인님> 여기는 끝에 건물에도 사람있어서,0
[0:23:45] <끔뻑> 클립 가즈아,0
[0:23:46] <Ggy0202> 5,0
[0:23:49] <Ggy0202> 4,0
[0:23:52] <Ggy0202> 3,0
[0:23:53] <재균이> 5초전,0
[0:23:55] <Ggy0202> 2,0
[0:23:57] <Ggy0202> 1,0
[0:24:00] <Ggy0202> 0,0
[0:24:06] <카인님> ㅋㅋㅋㅋㅋㅋㅋㅋㅋ,0
[0:24:06] <재균이> 다행히 개못쏨..,0
[0:24:08] <복복치치> 와따마 떨리노,0
[0:24:09] <Ggy0202> 호,0
[0:24:09] <끔뻑> 넌 죽었다,0
[0:24:11] <Ggy0202> 쌀아따,0
[0:24:12] <재균이> 넌뒤져쓰 역검문이다,0
[0:24:13] <퍼트려> 검문 왜하는거지?,0
[0:24:16] <Ksh4550402> 얼굴ㅋㅋㅋㅋㅋㅋㅋㅋㅋㅋㅋㅋㅋㅋㅋ,0
[0:24:18] <AkdangX_X> 표정봨ㅋㅋㅋㅋㅋㅋㅋㅋ,0
[0:24:18] <팡희> 복수하자,0
[0:24:23] <hphong13> 빡친거같은데 ㅋㅋㅋㅋㅋㅋㅋ,0
[0:24:24] <끔뻑> 이걸 죽여 말어,0
[0:24:24] <카인님> 힘내 다시아야,0
[0:24:25] <Ggy0202> 하관이 상당히 화났네,0
[0:24:32] <sbyoon365> ㅋㅋㅋㅋ,0
[0:24:35] <재균이> 형 역검문으로 혼내주자,0
[0:24:37] <초못랑> 표정이 ㄷㄷ,0
[0:24:45] <인생빠꾸없다> 잘생김,0
[0:24:58] <끔뻑> ?,0
[0:25:01] <Ksh4550402> 라클님 타노스 닮은것 같...,0
[0:25:01] <Ggy0202> ?,0
